Country,Subtopic_link,Status_link,iso_a3_eh
Afghanistan,Measles,Vaccination for Measles is not required,AFG
Afghanistan,Diphtheria,Vaccination for Poliovirus is not required,AFG
Afghanistan,Chickenpox (Varicella),Vaccination for Diphtheria is not required ,AFG
Afghanistan,Polio,Vaccination for Varicella is not required,AFG
Afghanistan,Tuberculosis,Vaccination for Tuberculosis is not required,AFG
Albania,Measles,Vaccination for Measles is required,ALB
Albania,Polio,Vaccination for Poliovirus is required,ALB
Albania,Diphtheria,Vaccination for Diphtheria is required ,ALB
Albania,Chickenpox (Varicella),"There is a childhood vaccination mandate for at least one vaccination in this country, but vaccination against this disease is not mandated. ",ALB
Albania,Tuberculosis,Vaccination for Tuberculosis is required ,ALB
Algeria,Measles,"There is a childhood vaccination mandate for at least one vaccination in this country, but vaccination against this disease is not mandated. ",DZA
Algeria,Polio,Vaccination for Poliovirus is required,DZA
Algeria,Diphtheria,Vaccination for Diphtheria is required ,DZA
Algeria,Chickenpox (Varicella),"There is a childhood vaccination mandate for at least one vaccination in this country, but vaccination against this disease is not mandated. ",DZA
Algeria,Tuberculosis,Vaccination for Tuberculosis is required ,DZA
Andorra,Measles,Vaccination for Measles is required,AND
Andorra,Polio,Vaccination for Poliovirus is required,AND
Andorra,Diphtheria,Vaccination for Diphtheria is required ,AND
Andorra,Chickenpox (Varicella),"There is a childhood vaccination mandate for at least one vaccination in this country, but vaccination against this disease is not mandated. ",AND
Andorra,Tuberculosis,"There is a childhood vaccination mandate for at least one vaccination in this country, but vaccination against this disease is not mandated. ",AND
Angola,Measles,Vaccination for Measles is not required,AGO
Angola,Polio,Vaccination for Poliovirus is not required,AGO
Angola,Diphtheria,Vaccination for Diphtheria is not required ,AGO
Angola,Chickenpox (Varicella),Vaccination for Varicella is not required,AGO
Angola,Tuberculosis,Vaccination for Tuberculosis is not required,AGO
Antigua and Barbuda,Measles,"There is a childhood vaccination mandate for at least one vaccination in this country, but vaccination against this disease is not mandated. ",ATG
Antigua and Barbuda,Polio,Vaccination for Poliovirus is required,ATG
Antigua and Barbuda,Diphtheria,Vaccination for Diphtheria is required ,ATG
Antigua and Barbuda,Chickenpox (Varicella),"There is a childhood vaccination mandate for at least one vaccination in this country, but vaccination against this disease is not mandated. ",ATG
Antigua and Barbuda,Tuberculosis,"There is a childhood vaccination mandate for at least one vaccination in this country, but vaccination against this disease is not mandated. ",ATG
Argentina,Measles,Vaccination for Measles is required,ARG
Argentina,Polio,Vaccination for Poliovirus is required,ARG
Argentina,Diphtheria,Vaccination for Diphtheria is required ,ARG
Argentina,Chickenpox (Varicella),Vaccination for Varicella is required,ARG
Argentina,Tuberculosis,Vaccination for Tuberculosis is required ,ARG
Armenia,Measles,Vaccination for Measles is not required,ARM
Armenia,Polio,Vaccination for Poliovirus is not required,ARM
Armenia,Diphtheria,Vaccination for Diphtheria is not required ,ARM
Armenia,Chickenpox (Varicella),Vaccination for Varicella is not required,ARM
Armenia,Tuberculosis,Vaccination for Tuberculosis is not required,ARM
Australia,Measles,Vaccination for Measles is required,AUS
Australia,Polio,Vaccination for Poliovirus is required,AUS
Australia,Diphtheria,Vaccination for Diphtheria is required ,AUS
Australia,Chickenpox (Varicella),Vaccination for Varicella is required,AUS
Australia,Tuberculosis,"There is a childhood vaccination mandate for at least one vaccination in this country, but vaccination against this disease is not mandated. ",AUS
Austria,Measles,Vaccination for Measles is not required,AUT
Austria,Polio,Vaccination for Poliovirus is not required,AUT
Austria,Diphtheria,Vaccination for Diphtheria is not required ,AUT
Austria,Chickenpox (Varicella),Vaccination for Varicella is not required,AUT
Austria,Tuberculosis,Vaccination for Tuberculosis is not required,AUT
Azerbaijan,Measles,Vaccination for Measles is not required,AZE
Azerbaijan,Polio,Vaccination for Poliovirus is not required,AZE
Azerbaijan,Diphtheria,Vaccination for Diphtheria is not required ,AZE
Azerbaijan,Chickenpox (Varicella),Vaccination for Varicella is not required,AZE
Azerbaijan,Tuberculosis,Vaccination for Tuberculosis is not required,AZE
Bahamas,Measles,"There is a childhood vaccination mandate for at least one vaccination in this country, but vaccination against this disease is not mandated. ",BHS
Bahamas,Polio,"There is a childhood vaccination mandate for at least one vaccination in this country, but vaccination against this disease is not mandated. ",BHS
Bahamas,Diphtheria,"There is a childhood vaccination mandate for at least one vaccination in this country, but vaccination against this disease is not mandated. ",BHS
Bahamas,Chickenpox (Varicella),"There is a childhood vaccination mandate for at least one vaccination in this country, but vaccination against this disease is not mandated. ",BHS
Bahamas,Tuberculosis,"There is a childhood vaccination mandate for at least one vaccination in this country, but vaccination against this disease is not mandated. ",BHS
Bahrain,Measles,Vaccination for Measles is required,BHR
Bahrain,Polio,Vaccination for Poliovirus is required,BHR
Bahrain,Diphtheria,Vaccination for Diphtheria is required ,BHR
Bahrain,Chickenpox (Varicella),Vaccination for Varicella is required,BHR
Bahrain,Tuberculosis,Vaccination for Tuberculosis is required ,BHR
Bangladesh,Measles,Vaccination for Measles is not required,BGD
Bangladesh,Polio,Vaccination for Poliovirus is not required,BGD
Bangladesh,Diphtheria,Vaccination for Diphtheria is not required ,BGD
Bangladesh,Chickenpox (Varicella),Vaccination for Varicella is not required,BGD
Bangladesh,Tuberculosis,Vaccination for Tuberculosis is not required,BGD
Barbados,Measles,"There is a childhood vaccination mandate for at least one vaccination in this country, but vaccination against this disease is not mandated. ",BRB
Barbados,Polio,Vaccination for Poliovirus is required,BRB
Barbados,Diphtheria,Vaccination for Diphtheria is required ,BRB
Barbados,Chickenpox (Varicella),"There is a childhood vaccination mandate for at least one vaccination in this country, but vaccination against this disease is not mandated. ",BRB
Barbados,Tuberculosis,"There is a childhood vaccination mandate for at least one vaccination in this country, but vaccination against this disease is not mandated. ",BRB
Belarus,Measles,Vaccination for Measles is not required,BLR
Belarus,Polio,Vaccination for Poliovirus is not required,BLR
Belarus,Diphtheria,Vaccination for Diphtheria is not required ,BLR
Belarus,Chickenpox (Varicella),Vaccination for Varicella is not required,BLR
Belarus,Tuberculosis,Vaccination for Tuberculosis is not required,BLR
Belgium,Measles,"There is a childhood vaccination mandate for at least one vaccination in this country, but vaccination against this disease is not mandated. ",BEL
Belgium,Polio,Vaccination for Poliovirus is required,BEL
Belgium,Diphtheria,"There is a childhood vaccination mandate for at least one vaccination in this country, but vaccination against this disease is not mandated. ",BEL
Belgium,Chickenpox (Varicella),"There is a childhood vaccination mandate for at least one vaccination in this country, but vaccination against this disease is not mandated. ",BEL
Belgium,Tuberculosis,"There is a childhood vaccination mandate for at least one vaccination in this country, but vaccination against this disease is not mandated. ",BEL
Belize,Measles,"There is a childhood vaccination mandate for at least one vaccination in this country, but vaccination against this disease is not mandated. ",BLZ
Belize,Polio,"There is a childhood vaccination mandate for at least one vaccination in this country, but vaccination against this disease is not mandated. ",BLZ
Belize,Diphtheria,"There is a childhood vaccination mandate for at least one vaccination in this country, but vaccination against this disease is not mandated. ",BLZ
Belize,Chickenpox (Varicella),"There is a childhood vaccination mandate for at least one vaccination in this country, but vaccination against this disease is not mandated. ",BLZ
Belize,Tuberculosis,"There is a childhood vaccination mandate for at least one vaccination in this country, but vaccination against this disease is not mandated. ",BLZ
Benin,Measles,Vaccination for Measles is required,BEN
Benin,Polio,Vaccination for Poliovirus is required,BEN
Benin,Diphtheria,Vaccination for Diphtheria is required ,BEN
Benin,Chickenpox (Varicella),"There is a childhood vaccination mandate for at least one vaccination in this country, but vaccination against this disease is not mandated. ",BEN
Benin,Tuberculosis,Vaccination for Tuberculosis is required ,BEN
Bhutan,Measles,Vaccination for Measles is required,BTN
Bhutan,Polio,Vaccination for Poliovirus is required,BTN
Bhutan,Diphtheria,Vaccination for Diphtheria is required ,BTN
Bhutan,Chickenpox (Varicella),"There is a childhood vaccination mandate for at least one vaccination in this country, but vaccination against this disease is not mandated. ",BTN
Bhutan,Tuberculosis,Vaccination for Tuberculosis is required ,BTN
Bolivia (Plurinational State of),Measles,Vaccination for Measles is not required,BOL
Bolivia (Plurinational State of),Polio,Vaccination for Poliovirus is not required,BOL
Bolivia (Plurinational State of),Diphtheria,Vaccination for Diphtheria is not required ,BOL
Bolivia (Plurinational State of),Chickenpox (Varicella),Vaccination for Varicella is not required,BOL
Bolivia (Plurinational State of),Tuberculosis,Vaccination for Tuberculosis is not required,BOL
Bosnia and Herzegovina,Measles,Vaccination for Measles is required,BIH
Bosnia and Herzegovina,Polio,Vaccination for Poliovirus is required,BIH
Bosnia and Herzegovina,Diphtheria,Vaccination for Diphtheria is required ,BIH
Bosnia and Herzegovina,Chickenpox (Varicella),"There is a childhood vaccination mandate for at least one vaccination in this country, but vaccination against this disease is not mandated. ",BIH
Bosnia and Herzegovina,Tuberculosis,Vaccination for Tuberculosis is required ,BIH
Botswana,Measles,Vaccination for Measles is required,BWA
Botswana,Polio,Vaccination for Poliovirus is required,BWA
Botswana,Diphtheria,Vaccination for Diphtheria is required ,BWA
Botswana,Chickenpox (Varicella),"There is a childhood vaccination mandate for at least one vaccination in this country, but vaccination against this disease is not mandated. ",BWA
Botswana,Tuberculosis,Vaccination for Tuberculosis is required ,BWA
Brazil,Measles,Vaccination for Measles is required,BRA
Brazil,Polio,Vaccination for Poliovirus is required,BRA
Brazil,Diphtheria,Vaccination for Diphtheria is required ,BRA
Brazil,Chickenpox (Varicella),Vaccination for Varicella is required,BRA
Brazil,Tuberculosis,Vaccination for Tuberculosis is required ,BRA
Brunei Darussalam,Measles,Vaccination for Measles is required,BRN
Brunei Darussalam,Polio,Vaccination for Poliovirus is required,BRN
Brunei Darussalam,Diphtheria,Vaccination for Diphtheria is required ,BRN
Brunei Darussalam,Chickenpox (Varicella),"There is a childhood vaccination mandate for at least one vaccination in this country, but vaccination against this disease is not mandated. ",BRN
Brunei Darussalam,Tuberculosis,Vaccination for Tuberculosis is required ,BRN
Bulgaria,Measles,Vaccination for Measles is required,BGR
Bulgaria,Polio,Vaccination for Poliovirus is required,BGR
Bulgaria,Diphtheria,Vaccination for Diphtheria is required ,BGR
Bulgaria,Chickenpox (Varicella),"There is a childhood vaccination mandate for at least one vaccination in this country, but vaccination against this disease is not mandated. ",BGR
Bulgaria,Tuberculosis,Vaccination for Tuberculosis is required ,BGR
Burkina Faso,Measles,Vaccination for Measles is required,BFA
Burkina Faso,Polio,Vaccination for Poliovirus is required,BFA
Burkina Faso,Diphtheria,Vaccination for Diphtheria is required ,BFA
Burkina Faso,Chickenpox (Varicella),"There is a childhood vaccination mandate for at least one vaccination in this country, but vaccination against this disease is not mandated. ",BFA
Burkina Faso,Tuberculosis,Vaccination for Tuberculosis is required ,BFA
Burundi,Measles,Vaccination for Measles is not required,BDI
Burundi,Polio,Vaccination for Poliovirus is not required,BDI
Burundi,Diphtheria,Vaccination for Diphtheria is not required ,BDI
Burundi,Chickenpox (Varicella),Vaccination for Varicella is not required,BDI
Burundi,Tuberculosis,Vaccination for Tuberculosis is not required,BDI
Cabo Verde (Cape Verde),Measles,Vaccination for Measles is not required,CPV
Cabo Verde (Cape Verde),Polio,Vaccination for Poliovirus is not required,CPV
Cabo Verde (Cape Verde),Diphtheria,Vaccination for Diphtheria is not required ,CPV
Cabo Verde (Cape Verde),Chickenpox (Varicella),Vaccination for Varicella is not required,CPV
Cabo Verde (Cape Verde),Tuberculosis,Vaccination for Tuberculosis is not required,CPV
Cambodia,Measles,Vaccination for Measles is not required,KHM
Cambodia,Polio,Vaccination for Poliovirus is not required,KHM
Cambodia,Diphtheria,Vaccination for Diphtheria is not required ,KHM
Cambodia,Chickenpox (Varicella),Vaccination for Varicella is not required,KHM
Cambodia,Tuberculosis,Vaccination for Tuberculosis is not required,KHM
Cameroon,Measles,Vaccination for Measles is not required,CMR
Cameroon,Polio,Vaccination for Poliovirus is not required,CMR
Cameroon,Diphtheria,Vaccination for Diphtheria is not required ,CMR
Cameroon,Chickenpox (Varicella),Vaccination for Varicella is not required,CMR
Cameroon,Tuberculosis,Vaccination for Tuberculosis is not required,CMR
Canada,Measles,Vaccination for Measles is not required,CAN
Canada,Polio,Vaccination for Poliovirus is not required,CAN
Canada,Diphtheria,Vaccination for Diphtheria is not required ,CAN
Canada,Chickenpox (Varicella),Vaccination for Varicella is not required,CAN
Canada,Tuberculosis,Vaccination for Tuberculosis is not required,CAN
Central African Republic (CAR),Measles,Vaccination for Measles is not required,CAF
Central African Republic (CAR),Polio,Vaccination for Poliovirus is not required,CAF
Central African Republic (CAR),Diphtheria,Vaccination for Diphtheria is not required ,CAF
Central African Republic (CAR),Chickenpox (Varicella),Vaccination for Varicella is not required,CAF
Central African Republic (CAR),Tuberculosis,Vaccination for Tuberculosis is not required,CAF
Chad,Measles,Vaccination for Measles is not required,TCD
Chad,Polio,Vaccination for Poliovirus is not required,TCD
Chad,Diphtheria,Vaccination for Diphtheria is not required ,TCD
Chad,Chickenpox (Varicella),Vaccination for Varicella is not required,TCD
Chad,Tuberculosis,Vaccination for Tuberculosis is not required,TCD
Chile,Measles,Vaccination for Measles is required,CHL
Chile,Polio,Vaccination for Poliovirus is required,CHL
Chile,Diphtheria,Vaccination for Diphtheria is required ,CHL
Chile,Chickenpox (Varicella),Vaccination for Varicella is required,CHL
Chile,Tuberculosis,Vaccination for Tuberculosis is required ,CHL
China (People's Republic of China; PRC),Measles,Vaccination for Measles is not required,CHN
China (People's Republic of China; PRC),Polio,Vaccination for Poliovirus is not required,CHN
China (People's Republic of China; PRC),Diphtheria,Vaccination for Diphtheria is not required ,CHN
China (People's Republic of China; PRC),Chickenpox (Varicella),Vaccination for Varicella is not required,CHN
China (People's Republic of China; PRC),Tuberculosis,Vaccination for Tuberculosis is not required,CHN
Chinese Taipei (Taiwan; Republic of China; ROC),Measles,Vaccination for Measles is required,TWN
Chinese Taipei (Taiwan; Republic of China; ROC),Polio,Vaccination for Poliovirus is required,TWN
Chinese Taipei (Taiwan; Republic of China; ROC),Diphtheria,Vaccination for Diphtheria is required ,TWN
Chinese Taipei (Taiwan; Republic of China; ROC),Chickenpox (Varicella),Vaccination for Varicella is required,TWN
Chinese Taipei (Taiwan; Republic of China; ROC),Tuberculosis,"There is a childhood vaccination mandate for at least one vaccination in this country, but vaccination against this disease is not mandated. ",TWN
Colombia,Measles,Vaccination for Measles is required,COL
Colombia,Polio,Vaccination for Poliovirus is required,COL
Colombia,Diphtheria,Vaccination for Diphtheria is required ,COL
Colombia,Chickenpox (Varicella),"There is a childhood vaccination mandate for at least one vaccination in this country, but vaccination against this disease is not mandated. ",COL
Colombia,Tuberculosis,Vaccination for Tuberculosis is required ,COL
Comoros,Measles,Vaccination for Measles is required,COM
Comoros,Polio,Vaccination for Poliovirus is required,COM
Comoros,Diphtheria,Vaccination for Diphtheria is required ,COM
Comoros,Chickenpox (Varicella),"There is a childhood vaccination mandate for at least one vaccination in this country, but vaccination against this disease is not mandated. ",COM
Comoros,Tuberculosis,Vaccination for Tuberculosis is required ,COM
Costa Rica,Measles,Vaccination for Measles is required,CRI
Costa Rica,Polio,Vaccination for Poliovirus is required,CRI
Costa Rica,Diphtheria,Vaccination for Diphtheria is required ,CRI
Costa Rica,Chickenpox (Varicella),Vaccination for Varicella is required,CRI
Costa Rica,Tuberculosis,Vaccination for Tuberculosis is required ,CRI
Côte d'Ivoire (Ivory Coast),Measles,Vaccination for Measles is not required,CIV
Côte d'Ivoire (Ivory Coast),Polio,Vaccination for Poliovirus is not required,CIV
Côte d'Ivoire (Ivory Coast),Diphtheria,Vaccination for Diphtheria is not required ,CIV
Côte d'Ivoire (Ivory Coast),Chickenpox (Varicella),Vaccination for Varicella is not required,CIV
Côte d'Ivoire (Ivory Coast),Tuberculosis,Vaccination for Tuberculosis is not required,CIV
Croatia,Measles,Vaccination for Measles is required,HRV
Croatia,Polio,Vaccination for Poliovirus is required,HRV
Croatia,Diphtheria,Vaccination for Diphtheria is required ,HRV
Croatia,Chickenpox (Varicella),"There is a childhood vaccination mandate for at least one vaccination in this country, but vaccination against this disease is not mandated. ",HRV
Croatia,Tuberculosis,Vaccination for Tuberculosis is required ,HRV
Cuba,Measles,Vaccination for Measles is not required,CUB
Cuba,Polio,Vaccination for Poliovirus is not required,CUB
Cuba,Diphtheria,Vaccination for Diphtheria is not required ,CUB
Cuba,Chickenpox (Varicella),Vaccination for Varicella is not required,CUB
Cuba,Tuberculosis,Vaccination for Tuberculosis is not required,CUB
Curacao,Measles,Vaccination for Measles is not required,CUW
Curacao,Polio,Vaccination for Poliovirus is not required,CUW
Curacao,Diphtheria,Vaccination for Diphtheria is not required ,CUW
Curacao,Chickenpox (Varicella),Vaccination for Varicella is not required,CUW
Curacao,Tuberculosis,Vaccination for Tuberculosis is not required,CUW
Cyprus,Measles,Vaccination for Measles is not required,CYP
Cyprus,Polio,Vaccination for Poliovirus is not required,CYP
Cyprus,Diphtheria,Vaccination for Diphtheria is not required ,CYP
Cyprus,Chickenpox (Varicella),Vaccination for Varicella is not required,CYP
Cyprus,Tuberculosis,Vaccination for Tuberculosis is not required,CYP
Czechia (Czech Republic),Measles,Vaccination for Measles is required,CZE
Czechia (Czech Republic),Polio,Vaccination for Poliovirus is required,CZE
Czechia (Czech Republic),Diphtheria,Vaccination for Diphtheria is required ,CZE
Czechia (Czech Republic),Chickenpox (Varicella),"There is a childhood vaccination mandate for at least one vaccination in this country, but vaccination against this disease is not mandated. ",CZE
Czechia (Czech Republic),Tuberculosis,Vaccination for Tuberculosis is required ,CZE
Democratic People's Republic of Korea (DPRK),Measles,No data,PRK
Democratic People's Republic of Korea (DPRK),Polio,No data,PRK
Democratic People's Republic of Korea (DPRK),Diphtheria,No data,PRK
Democratic People's Republic of Korea (DPRK),Chickenpox (Varicella),No data,PRK
Democratic People's Republic of Korea (DPRK),Tuberculosis,No data,PRK
Democratic Republic of Congo (DRC),Measles,Vaccination for Measles is required,COD
Democratic Republic of Congo (DRC),Polio,Vaccination for Poliovirus is required,COD
Democratic Republic of Congo (DRC),Diphtheria,Vaccination for Diphtheria is required ,COD
Democratic Republic of Congo (DRC),Chickenpox (Varicella),"There is a childhood vaccination mandate for at least one vaccination in this country, but vaccination against this disease is not mandated. ",COD
Democratic Republic of Congo (DRC),Tuberculosis,Vaccination for Tuberculosis is required ,COD
Denmark,Measles,Vaccination for Measles is not required,DNK
Denmark,Polio,Vaccination for Poliovirus is not required,DNK
Denmark,Diphtheria,Vaccination for Diphtheria is not required ,DNK
Denmark,Chickenpox (Varicella),Vaccination for Varicella is not required,DNK
Denmark,Tuberculosis,Vaccination for Tuberculosis is not required,DNK
Djibouti,Measles,Vaccination for Measles is not required,DJI
Djibouti,Polio,Vaccination for Poliovirus is not required,DJI
Djibouti,Diphtheria,Vaccination for Diphtheria is not required ,DJI
Djibouti,Chickenpox (Varicella),Vaccination for Varicella is not required,DJI
Djibouti,Tuberculosis,Vaccination for Tuberculosis is not required,DJI
Dominica,Measles,"There is a childhood vaccination mandate for at least one vaccination in this country, but vaccination against this disease is not mandated. ",DMA
Dominica,Polio,"There is a childhood vaccination mandate for at least one vaccination in this country, but vaccination against this disease is not mandated. ",DMA
Dominica,Diphtheria,"There is a childhood vaccination mandate for at least one vaccination in this country, but vaccination against this disease is not mandated. ",DMA
Dominica,Chickenpox (Varicella),"There is a childhood vaccination mandate for at least one vaccination in this country, but vaccination against this disease is not mandated. ",DMA
Dominica,Tuberculosis,"There is a childhood vaccination mandate for at least one vaccination in this country, but vaccination against this disease is not mandated. ",DMA
Dominican Republic,Measles,Vaccination for Measles is required,DOM
Dominican Republic,Polio,Vaccination for Poliovirus is required,DOM
Dominican Republic,Diphtheria,Vaccination for Diphtheria is required ,DOM
Dominican Republic,Chickenpox (Varicella),"There is a childhood vaccination mandate for at least one vaccination in this country, but vaccination against this disease is not mandated. ",DOM
Dominican Republic,Tuberculosis,Vaccination for Tuberculosis is required ,DOM
Ecuador,Measles,Vaccination for Measles is required,ECU
Ecuador,Polio,Vaccination for Poliovirus is required,ECU
Ecuador,Diphtheria,Vaccination for Diphtheria is required ,ECU
Ecuador,Chickenpox (Varicella),Vaccination for Varicella is required,ECU
Ecuador,Tuberculosis,Vaccination for Tuberculosis is required ,ECU
Egypt,Measles,Vaccination for Measles is required,EGY
Egypt,Polio,Vaccination for Poliovirus is required,EGY
Egypt,Diphtheria,Vaccination for Diphtheria is required ,EGY
Egypt,Chickenpox (Varicella),Vaccination for Varicella is required,EGY
Egypt,Tuberculosis,Vaccination for Tuberculosis is required ,EGY
El Salvador,Measles,Vaccination for Measles is required,SLV
El Salvador,Polio,Vaccination for Poliovirus is required,SLV
El Salvador,Diphtheria,Vaccination for Diphtheria is required ,SLV
El Salvador,Chickenpox (Varicella),Vaccination for Varicella is required,SLV
El Salvador,Tuberculosis,Vaccination for Tuberculosis is required ,SLV
Equatorial Guinea,Measles,Vaccination for Measles is not required,GNQ
Equatorial Guinea,Polio,Vaccination for Poliovirus is not required,GNQ
Equatorial Guinea,Diphtheria,Vaccination for Diphtheria is not required ,GNQ
Equatorial Guinea,Chickenpox (Varicella),Vaccination for Varicella is not required,GNQ
Equatorial Guinea,Tuberculosis,Vaccination for Tuberculosis is not required,GNQ
Eritrea,Measles,Vaccination for Measles is not required,ERI
Eritrea,Polio,Vaccination for Poliovirus is not required,ERI
Eritrea,Diphtheria,Vaccination for Diphtheria is not required ,ERI
Eritrea,Chickenpox (Varicella),Vaccination for Varicella is not required,ERI
Eritrea,Tuberculosis,Vaccination for Tuberculosis is not required,ERI
Estonia,Measles,Vaccination for Measles is not required,EST
Estonia,Polio,Vaccination for Poliovirus is not required,EST
Estonia,Diphtheria,Vaccination for Diphtheria is not required ,EST
Estonia,Chickenpox (Varicella),Vaccination for Varicella is not required,EST
Estonia,Tuberculosis,Vaccination for Tuberculosis is not required,EST
Eswatini (Swaziland),Measles,Vaccination for Measles is not required,SWZ
Eswatini (Swaziland),Polio,Vaccination for Poliovirus is not required,SWZ
Eswatini (Swaziland),Diphtheria,Vaccination for Diphtheria is not required ,SWZ
Eswatini (Swaziland),Chickenpox (Varicella),Vaccination for Varicella is not required,SWZ
Eswatini (Swaziland),Tuberculosis,Vaccination for Tuberculosis is not required,SWZ
Ethiopia,Measles,Vaccination for Measles is not required,ETH
Ethiopia,Polio,Vaccination for Poliovirus is not required,ETH
Ethiopia,Diphtheria,Vaccination for Diphtheria is not required ,ETH
Ethiopia,Chickenpox (Varicella),Vaccination for Varicella is not required,ETH
Ethiopia,Tuberculosis,Vaccination for Tuberculosis is not required,ETH
Fiji,Measles,Vaccination for Measles is not required,FJI
Fiji,Polio,Vaccination for Poliovirus is not required,FJI
Fiji,Diphtheria,Vaccination for Diphtheria is not required ,FJI
Fiji,Chickenpox (Varicella),Vaccination for Varicella is not required,FJI
Fiji,Tuberculosis,Vaccination for Tuberculosis is not required,FJI
Finland,Measles,Vaccination for Measles is not required,FIN
Finland,Polio,Vaccination for Poliovirus is not required,FIN
Finland,Diphtheria,Vaccination for Diphtheria is not required ,FIN
Finland,Chickenpox (Varicella),Vaccination for Varicella is not required,FIN
Finland,Tuberculosis,Vaccination for Tuberculosis is not required,FIN
France,Measles,Vaccination for Measles is required,FRA
France,Polio,Vaccination for Poliovirus is required,FRA
France,Diphtheria,Vaccination for Diphtheria is required ,FRA
France,Chickenpox (Varicella),"There is a childhood vaccination mandate for at least one vaccination in this country, but vaccination against this disease is not mandated. ",FRA
France,Tuberculosis,"There is a childhood vaccination mandate for at least one vaccination in this country, but vaccination against this disease is not mandated. ",FRA
Gabon,Measles,Vaccination for Measles is not required,GAB
Gabon,Diphtheria,Vaccination for Poliovirus is not required,GAB
Gabon,Chickenpox (Varicella),Vaccination for Diphtheria is not required ,GAB
Gabon,Polio,Vaccination for Varicella is not required,GAB
Gabon,Tuberculosis,Vaccination for Tuberculosis is not required,GAB
Gambia (Republic of The),Measles,Vaccination for Measles is not required,GMB
Gambia (Republic of The),Diphtheria,Vaccination for Poliovirus is not required,GMB
Gambia (Republic of The),Chickenpox (Varicella),Vaccination for Diphtheria is not required ,GMB
Gambia (Republic of The),Polio,Vaccination for Varicella is not required,GMB
Gambia (Republic of The),Tuberculosis,Vaccination for Tuberculosis is not required,GMB
Georgia,Measles,Vaccination for Measles is not required,GEO
Georgia,Polio,Vaccination for Poliovirus is not required,GEO
Georgia,Diphtheria,Vaccination for Diphtheria is not required ,GEO
Georgia,Chickenpox (Varicella),Vaccination for Varicella is not required,GEO
Georgia,Tuberculosis,Vaccination for Tuberculosis is not required,GEO
Germany,Measles,Vaccination for Measles is required,DEU
Germany,Polio,"There is a childhood vaccination mandate for at least one vaccination in this country, but vaccination against this disease is not mandated. ",DEU
Germany,Diphtheria,"There is a childhood vaccination mandate for at least one vaccination in this country, but vaccination against this disease is not mandated. ",DEU
Germany,Chickenpox (Varicella),"There is a childhood vaccination mandate for at least one vaccination in this country, but vaccination against this disease is not mandated. ",DEU
Germany,Tuberculosis,"There is a childhood vaccination mandate for at least one vaccination in this country, but vaccination against this disease is not mandated. ",DEU
Ghana,Measles,Vaccination for Measles is not required,GHA
Ghana,Polio,Vaccination for Poliovirus is not required,GHA
Ghana,Diphtheria,Vaccination for Diphtheria is not required ,GHA
Ghana,Chickenpox (Varicella),Vaccination for Varicella is not required,GHA
Ghana,Tuberculosis,Vaccination for Tuberculosis is not required,GHA
Greece,Measles,Vaccination for Measles is not required,GRC
Greece,Polio,Vaccination for Poliovirus is not required,GRC
Greece,Diphtheria,Vaccination for Diphtheria is not required ,GRC
Greece,Chickenpox (Varicella),Vaccination for Varicella is not required,GRC
Greece,Tuberculosis,Vaccination for Tuberculosis is not required,GRC
Greenland,Measles,No data,GRL
Greenland,Polio,No data,GRL
Greenland,Diphtheria,No data,GRL
Greenland,Chickenpox (Varicella),No data,GRL
Greenland,Tuberculosis,No data,GRL
Grenada,Measles,"There is a childhood vaccination mandate for at least one vaccination in this country, but vaccination against this disease is not mandated. ",GRD
Grenada,Polio,"There is a childhood vaccination mandate for at least one vaccination in this country, but vaccination against this disease is not mandated. ",GRD
Grenada,Diphtheria,"There is a childhood vaccination mandate for at least one vaccination in this country, but vaccination against this disease is not mandated. ",GRD
Grenada,Chickenpox (Varicella),"There is a childhood vaccination mandate for at least one vaccination in this country, but vaccination against this disease is not mandated. ",GRD
Grenada,Tuberculosis,"There is a childhood vaccination mandate for at least one vaccination in this country, but vaccination against this disease is not mandated. ",GRD
Guatemala,Measles,Vaccination for Measles is not required,GTM
Guatemala,Polio,Vaccination for Poliovirus is not required,GTM
Guatemala,Diphtheria,Vaccination for Diphtheria is not required ,GTM
Guatemala,Chickenpox (Varicella),Vaccination for Varicella is not required,GTM
Guatemala,Tuberculosis,Vaccination for Tuberculosis is not required,GTM
Guinea,Measles,Vaccination for Measles is required,GIN
Guinea,Polio,Vaccination for Poliovirus is required,GIN
Guinea,Diphtheria,Vaccination for Diphtheria is required ,GIN
Guinea,Chickenpox (Varicella),"There is a childhood vaccination mandate for at least one vaccination in this country, but vaccination against this disease is not mandated. ",GIN
Guinea,Tuberculosis,Vaccination for Tuberculosis is required ,GIN
Guinea Bissau,Measles,Vaccination for Measles is not required,GNB
Guinea Bissau,Polio,Vaccination for Poliovirus is not required,GNB
Guinea Bissau,Diphtheria,Vaccination for Diphtheria is not required ,GNB
Guinea Bissau,Chickenpox (Varicella),Vaccination for Varicella is not required,GNB
Guinea Bissau,Tuberculosis,Vaccination for Tuberculosis is not required,GNB
Guyana,Measles,"There is a childhood vaccination mandate for at least one vaccination in this country, but vaccination against this disease is not mandated. ",GUY
Guyana,Polio,Vaccination for Poliovirus is required,GUY
Guyana,Diphtheria,Vaccination for Diphtheria is required ,GUY
Guyana,Chickenpox (Varicella),"There is a childhood vaccination mandate for at least one vaccination in this country, but vaccination against this disease is not mandated. ",GUY
Guyana,Tuberculosis,Vaccination for Tuberculosis is required ,GUY
Haiti,Measles,Vaccination for Measles is not required,HTI
Haiti,Polio,Vaccination for Poliovirus is not required,HTI
Haiti,Diphtheria,Vaccination for Diphtheria is not required ,HTI
Haiti,Chickenpox (Varicella),Vaccination for Varicella is not required,HTI
Haiti,Tuberculosis,Vaccination for Tuberculosis is not required,HTI
Holy See (Vatican City),Measles,Vaccination for Measles is not required,VAT
Holy See (Vatican City),Polio,Vaccination for Poliovirus is not required,VAT
Holy See (Vatican City),Diphtheria,Vaccination for Diphtheria is not required ,VAT
Holy See (Vatican City),Chickenpox (Varicella),Vaccination for Varicella is not required,VAT
Holy See (Vatican City),Tuberculosis,Vaccination for Tuberculosis is not required,VAT
Honduras,Measles,Vaccination for Measles is required,HND
Honduras,Polio,Vaccination for Poliovirus is required,HND
Honduras,Diphtheria,Vaccination for Diphtheria is required ,HND
Honduras,Chickenpox (Varicella),Vaccination for Varicella is required,HND
Honduras,Tuberculosis,Vaccination for Tuberculosis is required ,HND
Hungary,Measles,Vaccination for Measles is required,HUN
Hungary,Polio,Vaccination for Poliovirus is required,HUN
Hungary,Diphtheria,Vaccination for Diphtheria is required ,HUN
Hungary,Chickenpox (Varicella),Vaccination for Varicella is required,HUN
Hungary,Tuberculosis,Vaccination for Tuberculosis is required ,HUN
Iceland,Measles,Vaccination for Measles is not required,ISL
Iceland,Polio,Vaccination for Poliovirus is not required,ISL
Iceland,Diphtheria,Vaccination for Diphtheria is not required ,ISL
Iceland,Chickenpox (Varicella),Vaccination for Varicella is not required,ISL
Iceland,Tuberculosis,Vaccination for Tuberculosis is not required,ISL
India,Measles,Vaccination for Measles is not required,IND
India,Polio,Vaccination for Poliovirus is not required,IND
India,Diphtheria,Vaccination for Diphtheria is not required ,IND
India,Chickenpox (Varicella),Vaccination for Varicella is not required,IND
India,Tuberculosis,Vaccination for Tuberculosis is not required,IND
Indonesia,Measles,Vaccination for Measles is required,IDN
Indonesia,Polio,Vaccination for Poliovirus is required,IDN
Indonesia,Diphtheria,Vaccination for Diphtheria is required ,IDN
Indonesia,Chickenpox (Varicella),"There is a childhood vaccination mandate for at least one vaccination in this country, but vaccination against this disease is not mandated. ",IDN
Indonesia,Tuberculosis,Vaccination for Tuberculosis is required ,IDN
Iran (Islamic Republic of),Measles,"There is a childhood vaccination mandate for at least one vaccination in this country, but vaccination against this disease is not mandated. ",IRN
Iran (Islamic Republic of),Polio,"There is a childhood vaccination mandate for at least one vaccination in this country, but vaccination against this disease is not mandated. ",IRN
Iran (Islamic Republic of),Diphtheria,"There is a childhood vaccination mandate for at least one vaccination in this country, but vaccination against this disease is not mandated. ",IRN
Iran (Islamic Republic of),Chickenpox (Varicella),"There is a childhood vaccination mandate for at least one vaccination in this country, but vaccination against this disease is not mandated. ",IRN
Iran (Islamic Republic of),Tuberculosis,"There is a childhood vaccination mandate for at least one vaccination in this country, but vaccination against this disease is not mandated. ",IRN
Iraq,Measles,Vaccination for Measles is required,IRQ
Iraq,Polio,Vaccination for Poliovirus is required,IRQ
Iraq,Diphtheria,Vaccination for Diphtheria is required ,IRQ
Iraq,Chickenpox (Varicella),"There is a childhood vaccination mandate for at least one vaccination in this country, but vaccination against this disease is not mandated. ",IRQ
Iraq,Tuberculosis,Vaccination for Tuberculosis is required ,IRQ
Ireland,Measles,Vaccination for Measles is not required,IRL
Ireland,Polio,Vaccination for Poliovirus is not required,IRL
Ireland,Diphtheria,Vaccination for Diphtheria is not required ,IRL
Ireland,Chickenpox (Varicella),Vaccination for Varicella is not required,IRL
Ireland,Tuberculosis,Vaccination for Tuberculosis is not required,IRL
Israel,Measles,Vaccination for Measles is not required,ISR
Israel,Polio,Vaccination for Poliovirus is not required,ISR
Israel,Diphtheria,Vaccination for Diphtheria is not required ,ISR
Israel,Chickenpox (Varicella),Vaccination for Varicella is not required,ISR
Israel,Tuberculosis,Vaccination for Tuberculosis is not required,ISR
Italy,Measles,Vaccination for Measles is required,ITA
Italy,Polio,Vaccination for Poliovirus is required,ITA
Italy,Diphtheria,Vaccination for Diphtheria is required ,ITA
Italy,Chickenpox (Varicella),Vaccination for Varicella is required,ITA
Italy,Tuberculosis,"There is a childhood vaccination mandate for at least one vaccination in this country, but vaccination against this disease is not mandated. ",ITA
Jamaica,Measles,Vaccination for Measles is required,JAM
Jamaica,Polio,Vaccination for Poliovirus is required,JAM
Jamaica,Diphtheria,Vaccination for Diphtheria is required ,JAM
Jamaica,Chickenpox (Varicella),"There is a childhood vaccination mandate for at least one vaccination in this country, but vaccination against this disease is not mandated. ",JAM
Jamaica,Tuberculosis,Vaccination for Tuberculosis is required ,JAM
Japan,Measles,Vaccination for Measles is not required,JPN
Japan,Polio,Vaccination for Poliovirus is not required,JPN
Japan,Diphtheria,Vaccination for Diphtheria is not required ,JPN
Japan,Chickenpox (Varicella),Vaccination for Varicella is not required,JPN
Japan,Tuberculosis,Vaccination for Tuberculosis is not required,JPN
Jordan,Measles,Vaccination for Measles is required,JOR
Jordan,Polio,Vaccination for Poliovirus is required,JOR
Jordan,Diphtheria,Vaccination for Diphtheria is required ,JOR
Jordan,Chickenpox (Varicella),"There is a childhood vaccination mandate for at least one vaccination in this country, but vaccination against this disease is not mandated. ",JOR
Jordan,Tuberculosis,Vaccination for Tuberculosis is required ,JOR
Kazakhstan,Measles,Vaccination for Measles is required,KAZ
Kazakhstan,Polio,Vaccination for Poliovirus is required,KAZ
Kazakhstan,Diphtheria,Vaccination for Diphtheria is required ,KAZ
Kazakhstan,Chickenpox (Varicella),"There is a childhood vaccination mandate for at least one vaccination in this country, but vaccination against this disease is not mandated. ",KAZ
Kazakhstan,Tuberculosis,Vaccination for Tuberculosis is required ,KAZ
Kenya,Measles,Vaccination for Measles is not required,KEN
Kenya,Polio,Vaccination for Poliovirus is not required,KEN
Kenya,Diphtheria,Vaccination for Diphtheria is not required ,KEN
Kenya,Chickenpox (Varicella),Vaccination for Varicella is not required,KEN
Kenya,Tuberculosis,Vaccination for Tuberculosis is not required,KEN
Kuwait,Measles,Vaccination for Measles is required,KWT
Kuwait,Polio,Vaccination for Poliovirus is required,KWT
Kuwait,Diphtheria,Vaccination for Diphtheria is required ,KWT
Kuwait,Chickenpox (Varicella),"There is a childhood vaccination mandate for at least one vaccination in this country, but vaccination against this disease is not mandated. ",KWT
Kuwait,Tuberculosis,Vaccination for Tuberculosis is required ,KWT
Kyrgyzstan,Measles,Vaccination for Measles is required,KGZ
Kyrgyzstan,Polio,Vaccination for Poliovirus is required,KGZ
Kyrgyzstan,Diphtheria,Vaccination for Diphtheria is required ,KGZ
Kyrgyzstan,Chickenpox (Varicella),"There is a childhood vaccination mandate for at least one vaccination in this country, but vaccination against this disease is not mandated. ",KGZ
Kyrgyzstan,Tuberculosis,Vaccination for Tuberculosis is required ,KGZ
Lao People's Democratic Republic (Laos; Lao PDR),Measles,Vaccination for Measles is required,LAO
Lao People's Democratic Republic (Laos; Lao PDR),Polio,Vaccination for Poliovirus is required,LAO
Lao People's Democratic Republic (Laos; Lao PDR),Diphtheria,Vaccination for Diphtheria is required ,LAO
Lao People's Democratic Republic (Laos; Lao PDR),Chickenpox (Varicella),"There is a childhood vaccination mandate for at least one vaccination in this country, but vaccination against this disease is not mandated. ",LAO
Lao People's Democratic Republic (Laos; Lao PDR),Tuberculosis,Vaccination for Tuberculosis is required ,LAO
Latvia,Measles,Vaccination for Measles is required,LVA
Latvia,Polio,Vaccination for Poliovirus is required,LVA
Latvia,Diphtheria,Vaccination for Diphtheria is required ,LVA
Latvia,Chickenpox (Varicella),Vaccination for Varicella is required,LVA
Latvia,Tuberculosis,Vaccination for Tuberculosis is required ,LVA
Lebanon,Measles,Vaccination for Measles is not required,LBN
Lebanon,Polio,Vaccination for Poliovirus is not required,LBN
Lebanon,Diphtheria,Vaccination for Diphtheria is not required ,LBN
Lebanon,Chickenpox (Varicella),Vaccination for Varicella is not required,LBN
Lebanon,Tuberculosis,Vaccination for Tuberculosis is not required,LBN
Lesotho,Measles,"There is a childhood vaccination mandate for at least one vaccination in this country, but vaccination against this disease is not mandated. ",LSO
Lesotho,Polio,"There is a childhood vaccination mandate for at least one vaccination in this country, but vaccination against this disease is not mandated. ",LSO
Lesotho,Diphtheria,"There is a childhood vaccination mandate for at least one vaccination in this country, but vaccination against this disease is not mandated. ",LSO
Lesotho,Chickenpox (Varicella),"There is a childhood vaccination mandate for at least one vaccination in this country, but vaccination against this disease is not mandated. ",LSO
Lesotho,Tuberculosis,"There is a childhood vaccination mandate for at least one vaccination in this country, but vaccination against this disease is not mandated. ",LSO
Liberia,Measles,Vaccination for Measles is required,LBR
Liberia,Polio,Vaccination for Poliovirus is required,LBR
Liberia,Diphtheria,"There is a childhood vaccination mandate for at least one vaccination in this country, but vaccination against this disease is not mandated. ",LBR
Liberia,Chickenpox (Varicella),"There is a childhood vaccination mandate for at least one vaccination in this country, but vaccination against this disease is not mandated. ",LBR
Liberia,Tuberculosis,"There is a childhood vaccination mandate for at least one vaccination in this country, but vaccination against this disease is not mandated. ",LBR
Libya,Measles,Vaccination for Measles is required,LBY
Libya,Polio,Vaccination for Poliovirus is required,LBY
Libya,Diphtheria,"There is a childhood vaccination mandate for at least one vaccination in this country, but vaccination against this disease is not mandated. ",LBY
Libya,Chickenpox (Varicella),"There is a childhood vaccination mandate for at least one vaccination in this country, but vaccination against this disease is not mandated. ",LBY
Libya,Tuberculosis,Vaccination for Tuberculosis is required ,LBY
Liechtenstein,Measles,Vaccination for Measles is not required,LIE
Liechtenstein,Polio,Vaccination for Poliovirus is not required,LIE
Liechtenstein,Diphtheria,Vaccination for Diphtheria is not required ,LIE
Liechtenstein,Chickenpox (Varicella),Vaccination for Varicella is not required,LIE
Liechtenstein,Tuberculosis,Vaccination for Tuberculosis is not required,LIE
Lithuania,Measles,Vaccination for Measles is not required,LTU
Lithuania,Polio,Vaccination for Poliovirus is not required,LTU
Lithuania,Diphtheria,Vaccination for Diphtheria is not required ,LTU
Lithuania,Chickenpox (Varicella),Vaccination for Varicella is not required,LTU
Lithuania,Tuberculosis,Vaccination for Tuberculosis is not required,LTU
Luxembourg,Measles,Vaccination for Measles is not required,LUX
Luxembourg,Polio,Vaccination for Poliovirus is not required,LUX
Luxembourg,Diphtheria,Vaccination for Diphtheria is not required ,LUX
Luxembourg,Chickenpox (Varicella),Vaccination for Varicella is not required,LUX
Luxembourg,Tuberculosis,Vaccination for Tuberculosis is not required,LUX
Madagascar,Measles,"There is a childhood vaccination mandate for at least one vaccination in this country, but vaccination against this disease is not mandated. ",MDG
Madagascar,Polio,"There is a childhood vaccination mandate for at least one vaccination in this country, but vaccination against this disease is not mandated. ",MDG
Madagascar,Diphtheria,"There is a childhood vaccination mandate for at least one vaccination in this country, but vaccination against this disease is not mandated. ",MDG
Madagascar,Chickenpox (Varicella),"There is a childhood vaccination mandate for at least one vaccination in this country, but vaccination against this disease is not mandated. ",MDG
Madagascar,Tuberculosis,Vaccination for Tuberculosis is required ,MDG
Malawi,Measles,"There is a childhood vaccination mandate for at least one vaccination in this country, but vaccination against this disease is not mandated. ",MWI
Malawi,Polio,"There is a childhood vaccination mandate for at least one vaccination in this country, but vaccination against this disease is not mandated. ",MWI
Malawi,Diphtheria,"There is a childhood vaccination mandate for at least one vaccination in this country, but vaccination against this disease is not mandated. ",MWI
Malawi,Chickenpox (Varicella),"There is a childhood vaccination mandate for at least one vaccination in this country, but vaccination against this disease is not mandated. ",MWI
Malawi,Tuberculosis,"There is a childhood vaccination mandate for at least one vaccination in this country, but vaccination against this disease is not mandated. ",MWI
Malaysia,Measles,Vaccination for Measles is not required,MYS
Malaysia,Polio,Vaccination for Poliovirus is not required,MYS
Malaysia,Diphtheria,Vaccination for Diphtheria is not required ,MYS
Malaysia,Chickenpox (Varicella),Vaccination for Varicella is not required,MYS
Malaysia,Tuberculosis,Vaccination for Tuberculosis is not required,MYS
Maldives,Measles,Vaccination for Measles is not required,MDV
Maldives,Polio,Vaccination for Poliovirus is not required,MDV
Maldives,Diphtheria,Vaccination for Diphtheria is not required ,MDV
Maldives,Chickenpox (Varicella),Vaccination for Varicella is not required,MDV
Maldives,Tuberculosis,Vaccination for Tuberculosis is not required,MDV
Mali,Measles,Vaccination for Measles is required,MLI
Mali,Polio,Vaccination for Poliovirus is required,MLI
Mali,Diphtheria,Vaccination for Diphtheria is required ,MLI
Mali,Chickenpox (Varicella),"There is a childhood vaccination mandate for at least one vaccination in this country, but vaccination against this disease is not mandated. ",MLI
Mali,Tuberculosis,Vaccination for Tuberculosis is required ,MLI
Malta,Measles,"There is a childhood vaccination mandate for at least one vaccination in this country, but vaccination against this disease is not mandated. ",MLT
Malta,Polio,Vaccination for Poliovirus is required,MLT
Malta,Diphtheria,Vaccination for Diphtheria is required ,MLT
Malta,Chickenpox (Varicella),"There is a childhood vaccination mandate for at least one vaccination in this country, but vaccination against this disease is not mandated. ",MLT
Malta,Tuberculosis,"There is a childhood vaccination mandate for at least one vaccination in this country, but vaccination against this disease is not mandated. ",MLT
Marshall Islands,Measles,Vaccination for Measles is not required,MHL
Marshall Islands,Polio,Vaccination for Poliovirus is not required,MHL
Marshall Islands,Diphtheria,Vaccination for Diphtheria is not required ,MHL
Marshall Islands,Chickenpox (Varicella),Vaccination for Varicella is not required,MHL
Marshall Islands,Tuberculosis,Vaccination for Tuberculosis is not required,MHL
Mauritania,Measles,Vaccination for Measles is not required,MRT
Mauritania,Polio,Vaccination for Poliovirus is not required,MRT
Mauritania,Diphtheria,Vaccination for Diphtheria is not required ,MRT
Mauritania,Chickenpox (Varicella),Vaccination for Varicella is not required,MRT
Mauritania,Tuberculosis,Vaccination for Tuberculosis is not required,MRT
Mauritius,Measles,Vaccination for Measles is not required,MUS
Mauritius,Polio,Vaccination for Poliovirus is not required,MUS
Mauritius,Diphtheria,Vaccination for Diphtheria is not required ,MUS
Mauritius,Chickenpox (Varicella),Vaccination for Varicella is not required,MUS
Mauritius,Tuberculosis,Vaccination for Tuberculosis is not required,MUS
Mexico,Measles,Vaccination for Measles is required,MEX
Mexico,Polio,Vaccination for Poliovirus is required,MEX
Mexico,Diphtheria,Vaccination for Diphtheria is required ,MEX
Mexico,Chickenpox (Varicella),"There is a childhood vaccination mandate for at least one vaccination in this country, but vaccination against this disease is not mandated. ",MEX
Mexico,Tuberculosis,Vaccination for Tuberculosis is required ,MEX
Micronesia (Federated States of Micronesia),Measles,Vaccination for Measles is required,FSM
Micronesia (Federated States of Micronesia),Polio,Vaccination for Poliovirus is required,FSM
Micronesia (Federated States of Micronesia),Diphtheria,Vaccination for Diphtheria is required ,FSM
Micronesia (Federated States of Micronesia),Chickenpox (Varicella),"There is a childhood vaccination mandate for at least one vaccination in this country, but vaccination against this disease is not mandated. ",FSM
Micronesia (Federated States of Micronesia),Tuberculosis,Vaccination for Tuberculosis is required ,FSM
Monaco,Measles,"There is a childhood vaccination mandate for at least one vaccination in this country, but vaccination against this disease is not mandated. ",MCO
Monaco,Polio,Vaccination for Poliovirus is required,MCO
Monaco,Diphtheria,Vaccination for Diphtheria is required ,MCO
Monaco,Chickenpox (Varicella),"There is a childhood vaccination mandate for at least one vaccination in this country, but vaccination against this disease is not mandated. ",MCO
Monaco,Tuberculosis,"There is a childhood vaccination mandate for at least one vaccination in this country, but vaccination against this disease is not mandated. ",MCO
Mongolia,Measles,Vaccination for Measles is required,MNG
Mongolia,Polio,Vaccination for Poliovirus is required,MNG
Mongolia,Diphtheria,Vaccination for Diphtheria is required ,MNG
Mongolia,Chickenpox (Varicella),"There is a childhood vaccination mandate for at least one vaccination in this country, but vaccination against this disease is not mandated. ",MNG
Mongolia,Tuberculosis,Vaccination for Tuberculosis is required ,MNG
Montenegro,Measles,Vaccination for Measles is required,MNE
Montenegro,Polio,Vaccination for Poliovirus is required,MNE
Montenegro,Diphtheria,Vaccination for Diphtheria is required ,MNE
Montenegro,Chickenpox (Varicella),"There is a childhood vaccination mandate for at least one vaccination in this country, but vaccination against this disease is not mandated. ",MNE
Montenegro,Tuberculosis,Vaccination for Tuberculosis is required ,MNE
Morocco,Measles,Vaccination for Measles is not required,MAR
Morocco,Polio,Vaccination for Poliovirus is not required,MAR
Morocco,Diphtheria,Vaccination for Diphtheria is not required ,MAR
Morocco,Chickenpox (Varicella),Vaccination for Varicella is not required,MAR
Morocco,Tuberculosis,Vaccination for Tuberculosis is not required,MAR
Mozambique,Measles,Vaccination for Measles is not required,MOZ
Mozambique,Polio,Vaccination for Poliovirus is not required,MOZ
Mozambique,Diphtheria,Vaccination for Diphtheria is not required ,MOZ
Mozambique,Chickenpox (Varicella),Vaccination for Varicella is not required,MOZ
Mozambique,Tuberculosis,Vaccination for Tuberculosis is not required,MOZ
Myanmar (Burma),Measles,Vaccination for Measles is not required,MMR
Myanmar (Burma),Polio,Vaccination for Poliovirus is not required,MMR
Myanmar (Burma),Diphtheria,Vaccination for Diphtheria is not required ,MMR
Myanmar (Burma),Chickenpox (Varicella),Vaccination for Varicella is not required,MMR
Myanmar (Burma),Tuberculosis,Vaccination for Tuberculosis is not required,MMR
Namibia,Measles,Vaccination for Measles is not required,NAM
Namibia,Polio,Vaccination for Poliovirus is not required,NAM
Namibia,Diphtheria,Vaccination for Diphtheria is not required ,NAM
Namibia,Chickenpox (Varicella),Vaccination for Varicella is not required,NAM
Namibia,Tuberculosis,Vaccination for Tuberculosis is not required,NAM
Nauru,Measles,Vaccination for Measles is not required,NRU
Nauru,Polio,Vaccination for Poliovirus is not required,NRU
Nauru,Diphtheria,Vaccination for Diphtheria is not required ,NRU
Nauru,Chickenpox (Varicella),Vaccination for Varicella is not required,NRU
Nauru,Tuberculosis,Vaccination for Tuberculosis is not required,NRU
Nepal,Measles,Vaccination for Measles is not required,NPL
Nepal,Polio,Vaccination for Poliovirus is not required,NPL
Nepal,Diphtheria,Vaccination for Diphtheria is not required ,NPL
Nepal,Chickenpox (Varicella),Vaccination for Varicella is not required,NPL
Nepal,Tuberculosis,Vaccination for Tuberculosis is not required,NPL
Netherlands,Measles,Vaccination for Measles is not required,NLD
Netherlands,Polio,Vaccination for Poliovirus is not required,NLD
Netherlands,Diphtheria,Vaccination for Diphtheria is not required ,NLD
Netherlands,Chickenpox (Varicella),Vaccination for Varicella is not required,NLD
Netherlands,Tuberculosis,Vaccination for Tuberculosis is not required,NLD
New Zealand,Measles,Vaccination for Measles is not required,NZL
New Zealand,Polio,Vaccination for Poliovirus is not required,NZL
New Zealand,Diphtheria,Vaccination for Diphtheria is not required ,NZL
New Zealand,Chickenpox (Varicella),Vaccination for Varicella is not required,NZL
New Zealand,Tuberculosis,Vaccination for Tuberculosis is not required,NZL
Nicaragua,Measles,Vaccination for Measles is required,NIC
Nicaragua,Polio,Vaccination for Poliovirus is required,NIC
Nicaragua,Diphtheria,Vaccination for Diphtheria is required ,NIC
Nicaragua,Chickenpox (Varicella),"There is a childhood vaccination mandate for at least one vaccination in this country, but vaccination against this disease is not mandated. ",NIC
Nicaragua,Tuberculosis,Vaccination for Tuberculosis is required ,NIC
Niger,Measles,Vaccination for Measles is not required,NER
Niger,Polio,Vaccination for Poliovirus is not required,NER
Niger,Diphtheria,Vaccination for Diphtheria is not required ,NER
Niger,Chickenpox (Varicella),Vaccination for Varicella is not required,NER
Niger,Tuberculosis,Vaccination for Tuberculosis is not required,NER
Nigeria,Measles,Vaccination for Measles is not required,NGA
Nigeria,Polio,Vaccination for Poliovirus is not required,NGA
Nigeria,Diphtheria,Vaccination for Diphtheria is not required ,NGA
Nigeria,Chickenpox (Varicella),Vaccination for Varicella is not required,NGA
Nigeria,Tuberculosis,Vaccination for Tuberculosis is not required,NGA
Niue,Measles,Vaccination for Measles is not required,NIU
Niue,Polio,Vaccination for Poliovirus is not required,NIU
Niue,Diphtheria,Vaccination for Diphtheria is not required ,NIU
Niue,Chickenpox (Varicella),Vaccination for Varicella is not required,NIU
Niue,Tuberculosis,Vaccination for Tuberculosis is not required,NIU
North Macedonia (Macedonia; FYROM),Measles,Vaccination for Measles is required,MKD
North Macedonia (Macedonia; FYROM),Polio,Vaccination for Poliovirus is required,MKD
North Macedonia (Macedonia; FYROM),Diphtheria,Vaccination for Diphtheria is required ,MKD
North Macedonia (Macedonia; FYROM),Chickenpox (Varicella),"There is a childhood vaccination mandate for at least one vaccination in this country, but vaccination against this disease is not mandated. ",MKD
North Macedonia (Macedonia; FYROM),Tuberculosis,Vaccination for Tuberculosis is required ,MKD
Norway,Measles,Vaccination for Measles is not required,NOR
Norway,Polio,Vaccination for Poliovirus is not required,NOR
Norway,Diphtheria,Vaccination for Diphtheria is not required ,NOR
Norway,Chickenpox (Varicella),Vaccination for Varicella is not required,NOR
Norway,Tuberculosis,Vaccination for Tuberculosis is not required,NOR
Oman,Measles,Vaccination for Measles is required,OMN
Oman,Polio,Vaccination for Poliovirus is required,OMN
Oman,Diphtheria,Vaccination for Diphtheria is required ,OMN
Oman,Chickenpox (Varicella),Vaccination for Varicella is required,OMN
Oman,Tuberculosis,Vaccination for Tuberculosis is required ,OMN
Pakistan,Measles,Vaccination for Measles is not required,PAK
Pakistan,Polio,Vaccination for Poliovirus is not required,PAK
Pakistan,Diphtheria,Vaccination for Diphtheria is not required ,PAK
Pakistan,Chickenpox (Varicella),Vaccination for Varicella is not required,PAK
Pakistan,Tuberculosis,Vaccination for Tuberculosis is not required,PAK
Palau,Measles,Vaccination for Measles is not required,PLW
Palau,Polio,Vaccination for Poliovirus is not required,PLW
Palau,Diphtheria,Vaccination for Diphtheria is not required ,PLW
Palau,Chickenpox (Varicella),Vaccination for Varicella is not required,PLW
Palau,Tuberculosis,Vaccination for Tuberculosis is not required,PLW
Panama,Measles,Vaccination for Measles is required,PAN
Panama,Polio,Vaccination for Poliovirus is required,PAN
Panama,Diphtheria,Vaccination for Diphtheria is required ,PAN
Panama,Chickenpox (Varicella),Vaccination for Varicella is required,PAN
Panama,Tuberculosis,Vaccination for Tuberculosis is required ,PAN
Papua New Guinea,Measles,Vaccination for Measles is not required,PNG
Papua New Guinea,Diphtheria,Vaccination for Poliovirus is not required,PNG
Papua New Guinea,Chickenpox (Varicella),Vaccination for Diphtheria is not required ,PNG
Papua New Guinea,Polio,Vaccination for Varicella is not required,PNG
Papua New Guinea,Tuberculosis,Vaccination for Tuberculosis is not required,PNG
Paraguay,Measles,Vaccination for Measles is required,PRY
Paraguay,Polio,Vaccination for Poliovirus is required,PRY
Paraguay,Diphtheria,Vaccination for Diphtheria is required ,PRY
Paraguay,Chickenpox (Varicella),Vaccination for Varicella is required,PRY
Paraguay,Tuberculosis,Vaccination for Tuberculosis is required ,PRY
Peru,Measles,Vaccination for Measles is required,PER
Peru,Polio,Vaccination for Poliovirus is required,PER
Peru,Diphtheria,Vaccination for Diphtheria is required ,PER
Peru,Chickenpox (Varicella),Vaccination for Varicella is required,PER
Peru,Tuberculosis,Vaccination for Tuberculosis is required ,PER
Philippines,Measles,Vaccination for Measles is required,PHL
Philippines,Polio,Vaccination for Poliovirus is required,PHL
Philippines,Diphtheria,Vaccination for Diphtheria is required ,PHL
Philippines,Chickenpox (Varicella),"There is a childhood vaccination mandate for at least one vaccination in this country, but vaccination against this disease is not mandated. ",PHL
Philippines,Tuberculosis,Vaccination for Tuberculosis is required ,PHL
Poland,Measles,Vaccination for Measles is required,POL
Poland,Diphtheria,Vaccination for Diphtheria is required ,POL
Poland,Chickenpox (Varicella),"There is a childhood vaccination mandate for at least one vaccination in this country, but vaccination against this disease is not mandated. ",POL
Poland,Polio,Vaccination for Poliovirus is required,POL
Poland,Tuberculosis,Vaccination for Tuberculosis is required ,POL
Portugal,Measles,Vaccination for Measles is not required,PRT
Portugal,Diphtheria,Vaccination for Poliovirus is not required,PRT
Portugal,Chickenpox (Varicella),Vaccination for Diphtheria is not required ,PRT
Portugal,Polio,Vaccination for Varicella is not required,PRT
Portugal,Tuberculosis,Vaccination for Tuberculosis is not required,PRT
Qatar,Measles,Vaccination for Measles is required,QAT
Qatar,Polio,Vaccination for Poliovirus is required,QAT
Qatar,Diphtheria,Vaccination for Diphtheria is required ,QAT
Qatar,Chickenpox (Varicella),Vaccination for Varicella is required,QAT
Qatar,Tuberculosis,Vaccination for Tuberculosis is required ,QAT
Republic of Korea (South Korea; ROK),Measles,Vaccination for Measles is required,KOR
Republic of Korea (South Korea; ROK),Polio,Vaccination for Poliovirus is required,KOR
Republic of Korea (South Korea; ROK),Diphtheria,Vaccination for Diphtheria is required ,KOR
Republic of Korea (South Korea; ROK),Chickenpox (Varicella),Vaccination for Varicella is required,KOR
Republic of Korea (South Korea; ROK),Tuberculosis,Vaccination for Tuberculosis is required ,KOR
Republic of Moldova,Measles,Vaccination for Measles is required,MDA
Republic of Moldova,Polio,Vaccination for Poliovirus is required,MDA
Republic of Moldova,Diphtheria,Vaccination for Diphtheria is required ,MDA
Republic of Moldova,Chickenpox (Varicella),"There is a childhood vaccination mandate for at least one vaccination in this country, but vaccination against this disease is not mandated. ",MDA
Republic of Moldova,Tuberculosis,Vaccination for Tuberculosis is required ,MDA
Republic of the Congo,Measles,Vaccination for Measles is not required,COG
Republic of the Congo,Diphtheria,Vaccination for Poliovirus is not required,COG
Republic of the Congo,Chickenpox (Varicella),Vaccination for Diphtheria is not required ,COG
Republic of the Congo,Polio,Vaccination for Varicella is not required,COG
Republic of the Congo,Tuberculosis,Vaccination for Tuberculosis is not required,COG
Romania,Measles,Vaccination for Measles is required,ROU
Romania,Polio,Vaccination for Poliovirus is required,ROU
Romania,Diphtheria,Vaccination for Diphtheria is required ,ROU
Romania,Chickenpox (Varicella),"There is a childhood vaccination mandate for at least one vaccination in this country, but vaccination against this disease is not mandated. ",ROU
Romania,Tuberculosis,Vaccination for Tuberculosis is required ,ROU
Russian Federation,Measles,Vaccination for Measles is required,RUS
Russian Federation,Polio,Vaccination for Poliovirus is required,RUS
Russian Federation,Diphtheria,Vaccination for Diphtheria is required ,RUS
Russian Federation,Chickenpox (Varicella),"There is a childhood vaccination mandate for at least one vaccination in this country, but vaccination against this disease is not mandated. ",RUS
Russian Federation,Tuberculosis,Vaccination for Tuberculosis is required ,RUS
Rwanda,Measles,Vaccination for Measles is not required,RWA
Rwanda,Diphtheria,Vaccination for Poliovirus is not required,RWA
Rwanda,Chickenpox (Varicella),Vaccination for Diphtheria is not required ,RWA
Rwanda,Polio,Vaccination for Varicella is not required,RWA
Rwanda,Tuberculosis,Vaccination for Tuberculosis is not required,RWA
Saint Kitts and Nevis (St Kitts and Nevis),Measles,Vaccination for Measles is required,KNA
Saint Kitts and Nevis (St Kitts and Nevis),Polio,Vaccination for Poliovirus is required,KNA
Saint Kitts and Nevis (St Kitts and Nevis),Diphtheria,"There is a childhood vaccination mandate for at least one vaccination in this country, but vaccination against this disease is not mandated. ",KNA
Saint Kitts and Nevis (St Kitts and Nevis),Chickenpox (Varicella),"There is a childhood vaccination mandate for at least one vaccination in this country, but vaccination against this disease is not mandated. ",KNA
Saint Kitts and Nevis (St Kitts and Nevis),Tuberculosis,Vaccination for Tuberculosis is not required,KNA
Saint Lucia (St Lucia),Measles,"There is a childhood vaccination mandate for at least one vaccination in this country, but vaccination against this disease is not mandated. ",LCA
Saint Lucia (St Lucia),Polio,"There is a childhood vaccination mandate for at least one vaccination in this country, but vaccination against this disease is not mandated. ",LCA
Saint Lucia (St Lucia),Diphtheria,"There is a childhood vaccination mandate for at least one vaccination in this country, but vaccination against this disease is not mandated. ",LCA
Saint Lucia (St Lucia),Chickenpox (Varicella),"There is a childhood vaccination mandate for at least one vaccination in this country, but vaccination against this disease is not mandated. ",LCA
Saint Lucia (St Lucia),Tuberculosis,"There is a childhood vaccination mandate for at least one vaccination in this country, but vaccination against this disease is not mandated. ",LCA
Saint Vincent and the Grenadines (St Vincent and the Grenadines),Measles,Vaccination for Measles is required,VCT
Saint Vincent and the Grenadines (St Vincent and the Grenadines),Polio,Vaccination for Poliovirus is required,VCT
Saint Vincent and the Grenadines (St Vincent and the Grenadines),Diphtheria,Vaccination for Diphtheria is required ,VCT
Saint Vincent and the Grenadines (St Vincent and the Grenadines),Chickenpox (Varicella),"There is a childhood vaccination mandate for at least one vaccination in this country, but vaccination against this disease is not mandated. ",VCT
Saint Vincent and the Grenadines (St Vincent and the Grenadines),Tuberculosis,Vaccination for Tuberculosis is required ,VCT
Samoa,Measles,Vaccination for Measles is required,WSM
Samoa,Polio,"There is a childhood vaccination mandate for at least one vaccination in this country, but vaccination against this disease is not mandated. ",WSM
Samoa,Diphtheria,"There is a childhood vaccination mandate for at least one vaccination in this country, but vaccination against this disease is not mandated. ",WSM
Samoa,Chickenpox (Varicella),"There is a childhood vaccination mandate for at least one vaccination in this country, but vaccination against this disease is not mandated. ",WSM
Samoa,Tuberculosis,"There is a childhood vaccination mandate for at least one vaccination in this country, but vaccination against this disease is not mandated. ",WSM
San Marino,Measles,Vaccination for Measles is required,SMR
San Marino,Polio,Vaccination for Poliovirus is required,SMR
San Marino,Diphtheria,Vaccination for Diphtheria is required ,SMR
San Marino,Chickenpox (Varicella),"There is a childhood vaccination mandate for at least one vaccination in this country, but vaccination against this disease is not mandated. ",SMR
San Marino,Tuberculosis,Vaccination for Tuberculosis is required ,SMR
São Tomé and Príncipe,Measles,Vaccination for Measles is not required,STP
São Tomé and Príncipe,Polio,Vaccination for Poliovirus is not required,STP
São Tomé and Príncipe,Diphtheria,Vaccination for Diphtheria is not required ,STP
São Tomé and Príncipe,Chickenpox (Varicella),Vaccination for Varicella is not required,STP
São Tomé and Príncipe,Tuberculosis,Vaccination for Tuberculosis is not required,STP
Saudi Arabia,Measles,Vaccination for Measles is required,SAU
Saudi Arabia,Polio,Vaccination for Poliovirus is required,SAU
Saudi Arabia,Diphtheria,Vaccination for Diphtheria is required ,SAU
Saudi Arabia,Chickenpox (Varicella),Vaccination for Varicella is required,SAU
Saudi Arabia,Tuberculosis,Vaccination for Tuberculosis is required ,SAU
Senegal,Measles,Vaccination for Measles is not required,SEN
Senegal,Diphtheria,Vaccination for Poliovirus is not required,SEN
Senegal,Chickenpox (Varicella),Vaccination for Diphtheria is not required ,SEN
Senegal,Polio,Vaccination for Varicella is not required,SEN
Senegal,Tuberculosis,Vaccination for Tuberculosis is not required,SEN
Serbia,Measles,Vaccination for Measles is required,SRB
Serbia,Polio,Vaccination for Poliovirus is required,SRB
Serbia,Diphtheria,Vaccination for Diphtheria is required ,SRB
Serbia,Chickenpox (Varicella),"There is a childhood vaccination mandate for at least one vaccination in this country, but vaccination against this disease is not mandated. ",SRB
Serbia,Tuberculosis,Vaccination for Tuberculosis is required ,SRB
Seychelles,Measles,Vaccination for Measles is not required,SYC
Seychelles,Polio,Vaccination for Poliovirus is not required,SYC
Seychelles,Diphtheria,Vaccination for Diphtheria is not required ,SYC
Seychelles,Chickenpox (Varicella),Vaccination for Varicella is not required,SYC
Seychelles,Tuberculosis,Vaccination for Tuberculosis is not required,SYC
Sierra Leone,Measles,Vaccination for Measles is not required,SLE
Sierra Leone,Polio,Vaccination for Poliovirus is not required,SLE
Sierra Leone,Diphtheria,Vaccination for Diphtheria is not required ,SLE
Sierra Leone,Chickenpox (Varicella),Vaccination for Varicella is not required,SLE
Sierra Leone,Tuberculosis,Vaccination for Tuberculosis is not required,SLE
Singapore,Measles,Vaccination for Measles is required,SGP
Singapore,Polio,"There is a childhood vaccination mandate for at least one vaccination in this country, but vaccination against this disease is not mandated. ",SGP
Singapore,Diphtheria,Vaccination for Diphtheria is required ,SGP
Singapore,Chickenpox (Varicella),"There is a childhood vaccination mandate for at least one vaccination in this country, but vaccination against this disease is not mandated. ",SGP
Singapore,Tuberculosis,Vaccination for Tuberculosis is not required,SGP
Slovakia,Measles,Vaccination for Measles is required,SVK
Slovakia,Polio,Vaccination for Poliovirus is required,SVK
Slovakia,Diphtheria,Vaccination for Diphtheria is required ,SVK
Slovakia,Chickenpox (Varicella),"There is a childhood vaccination mandate for at least one vaccination in this country, but vaccination against this disease is not mandated. ",SVK
Slovakia,Tuberculosis,Vaccination for Tuberculosis is not required,SVK
Slovenia,Measles,Vaccination for Measles is required,SVN
Slovenia,Polio,Vaccination for Poliovirus is required,SVN
Slovenia,Diphtheria,Vaccination for Diphtheria is required ,SVN
Slovenia,Chickenpox (Varicella),Vaccination for Varicella is not required,SVN
Slovenia,Tuberculosis,Vaccination for Tuberculosis is required ,SVN
Solomon Islands,Measles,Vaccination for Measles is not required,SLB
Solomon Islands,Polio,Vaccination for Poliovirus is not required,SLB
Solomon Islands,Diphtheria,Vaccination for Diphtheria is not required ,SLB
Solomon Islands,Chickenpox (Varicella),Vaccination for Varicella is not required,SLB
Solomon Islands,Tuberculosis,Vaccination for Tuberculosis is not required,SLB
Somalia,Measles,Vaccination for Measles is not required,SOM
Somalia,Polio,Vaccination for Poliovirus is not required,SOM
Somalia,Diphtheria,Vaccination for Diphtheria is not required ,SOM
Somalia,Chickenpox (Varicella),Vaccination for Varicella is not required,SOM
Somalia,Tuberculosis,Vaccination for Tuberculosis is not required,SOM
South Africa,Measles,Vaccination for Measles is not required,ZAF
South Africa,Polio,Vaccination for Poliovirus is not required,ZAF
South Africa,Diphtheria,Vaccination for Diphtheria is not required ,ZAF
South Africa,Chickenpox (Varicella),Vaccination for Varicella is not required,ZAF
South Africa,Tuberculosis,Vaccination for Tuberculosis is not required,ZAF
South Sudan,Measles,Vaccination for Measles is not required,SSD
South Sudan,Polio,Vaccination for Poliovirus is not required,SSD
South Sudan,Diphtheria,Vaccination for Diphtheria is not required ,SSD
South Sudan,Chickenpox (Varicella),Vaccination for Varicella is not required,SSD
South Sudan,Tuberculosis,Vaccination for Tuberculosis is not required,SSD
Spain,Measles,Vaccination for Measles is not required,ESP
Spain,Polio,Vaccination for Poliovirus is not required,ESP
Spain,Diphtheria,Vaccination for Diphtheria is not required ,ESP
Spain,Chickenpox (Varicella),Vaccination for Varicella is not required,ESP
Spain,Tuberculosis,Vaccination for Tuberculosis is not required,ESP
Sri Lanka,Measles,"There is a childhood vaccination mandate for at least one vaccination in this country, but vaccination against this disease is not mandated. ",LKA
Sri Lanka,Polio,"There is a childhood vaccination mandate for at least one vaccination in this country, but vaccination against this disease is not mandated. ",LKA
Sri Lanka,Diphtheria,"There is a childhood vaccination mandate for at least one vaccination in this country, but vaccination against this disease is not mandated. ",LKA
Sri Lanka,Chickenpox (Varicella),"There is a childhood vaccination mandate for at least one vaccination in this country, but vaccination against this disease is not mandated. ",LKA
Sri Lanka,Tuberculosis,"There is a childhood vaccination mandate for at least one vaccination in this country, but vaccination against this disease is not mandated. ",LKA
Sudan,Measles,Vaccination for Measles is required,SDN
Sudan,Polio,Vaccination for Poliovirus is required,SDN
Sudan,Diphtheria,Vaccination for Diphtheria is required ,SDN
Sudan,Chickenpox (Varicella),"There is a childhood vaccination mandate for at least one vaccination in this country, but vaccination against this disease is not mandated. ",SDN
Sudan,Tuberculosis,Vaccination for Tuberculosis is required ,SDN
Suriname,Measles,Vaccination for Measles is not required,SUR
Suriname,Polio,Vaccination for Poliovirus is not required,SUR
Suriname,Diphtheria,Vaccination for Diphtheria is not required ,SUR
Suriname,Chickenpox (Varicella),Vaccination for Varicella is not required,SUR
Suriname,Tuberculosis,Vaccination for Tuberculosis is not required,SUR
Sweden,Measles,Vaccination for Measles is not required,SWE
Sweden,Polio,Vaccination for Poliovirus is not required,SWE
Sweden,Diphtheria,Vaccination for Diphtheria is not required ,SWE
Sweden,Chickenpox (Varicella),Vaccination for Varicella is not required,SWE
Sweden,Tuberculosis,Vaccination for Tuberculosis is not required,SWE
Switzerland,Measles,Vaccination for Measles is not required,CHE
Switzerland,Polio,Vaccination for Poliovirus is not required,CHE
Switzerland,Diphtheria,Vaccination for Diphtheria is not required ,CHE
Switzerland,Chickenpox (Varicella),Vaccination for Varicella is not required,CHE
Switzerland,Tuberculosis,Vaccination for Tuberculosis is not required,CHE
Syrian Arab Republic (Syria),Measles,Vaccination for Measles is not required,SYR
Syrian Arab Republic (Syria),Polio,Vaccination for Poliovirus is not required,SYR
Syrian Arab Republic (Syria),Diphtheria,Vaccination for Diphtheria is not required ,SYR
Syrian Arab Republic (Syria),Chickenpox (Varicella),Vaccination for Varicella is not required,SYR
Syrian Arab Republic (Syria),Tuberculosis,Vaccination for Tuberculosis is not required,SYR
Tajikistan,Measles,Vaccination for Measles is required,TJK
Tajikistan,Polio,Vaccination for Poliovirus is required,TJK
Tajikistan,Diphtheria,Vaccination for Diphtheria is required ,TJK
Tajikistan,Chickenpox (Varicella),"There is a childhood vaccination mandate for at least one vaccination in this country, but vaccination against this disease is not mandated. ",TJK
Tajikistan,Tuberculosis,Vaccination for Tuberculosis is required ,TJK
Thailand,Measles,Vaccination for Measles is not required,THA
Thailand,Polio,Vaccination for Poliovirus is not required,THA
Thailand,Diphtheria,Vaccination for Diphtheria is not required ,THA
Thailand,Chickenpox (Varicella),Vaccination for Varicella is not required,THA
Thailand,Tuberculosis,Vaccination for Tuberculosis is not required,THA
Timor-Leste,Measles,Vaccination for Measles is not required,TLS
Timor-Leste,Polio,Vaccination for Poliovirus is not required,TLS
Timor-Leste,Diphtheria,Vaccination for Diphtheria is not required ,TLS
Timor-Leste,Chickenpox (Varicella),Vaccination for Varicella is not required,TLS
Timor-Leste,Tuberculosis,Vaccination for Tuberculosis is not required,TLS
Togo,Measles,Vaccination for Measles is not required,TGO
Togo,Polio,Vaccination for Poliovirus is not required,TGO
Togo,Diphtheria,Vaccination for Diphtheria is not required ,TGO
Togo,Chickenpox (Varicella),Vaccination for Varicella is not required,TGO
Togo,Tuberculosis,Vaccination for Tuberculosis is required ,TGO
Trinidad and Tobago,Measles,Vaccination for Measles is required,TTO
Trinidad and Tobago,Polio,Vaccination for Poliovirus is required,TTO
Trinidad and Tobago,Diphtheria,Vaccination for Diphtheria is required ,TTO
Trinidad and Tobago,Chickenpox (Varicella),"There is a childhood vaccination mandate for at least one vaccination in this country, but vaccination against this disease is not mandated. ",TTO
Trinidad and Tobago,Tuberculosis,Vaccination for Tuberculosis is not required,TTO
Tunisia,Measles,Vaccination for Measles is required,TUN
Tunisia,Polio,Vaccination for Poliovirus is required,TUN
Tunisia,Diphtheria,Vaccination for Diphtheria is required ,TUN
Tunisia,Chickenpox (Varicella),"There is a childhood vaccination mandate for at least one vaccination in this country, but vaccination against this disease is not mandated. ",TUN
Tunisia,Tuberculosis,Vaccination for Tuberculosis is required ,TUN
Türkiye (Turkey),Measles,Vaccination for Measles is not required,TUR
Türkiye (Turkey),Polio,Vaccination for Poliovirus is not required,TUR
Türkiye (Turkey),Diphtheria,Vaccination for Diphtheria is not required ,TUR
Türkiye (Turkey),Chickenpox (Varicella),Vaccination for Varicella is not required,TUR
Türkiye (Turkey),Tuberculosis,Vaccination for Tuberculosis is not required,TUR
Turkmenistan,Measles,Vaccination for Measles is required,TKM
Turkmenistan,Polio,Vaccination for Poliovirus is required,TKM
Turkmenistan,Diphtheria,Vaccination for Diphtheria is required ,TKM
Turkmenistan,Chickenpox (Varicella),"There is a childhood vaccination mandate for at least one vaccination in this country, but vaccination against this disease is not mandated. ",TKM
Turkmenistan,Tuberculosis,Vaccination for Tuberculosis is required ,TKM
Tuvalu,Measles,Vaccination for Measles is not required,TUV
Tuvalu,Polio,Vaccination for Poliovirus is not required,TUV
Tuvalu,Diphtheria,Vaccination for Diphtheria is not required ,TUV
Tuvalu,Chickenpox (Varicella),Vaccination for Varicella is not required,TUV
Tuvalu,Tuberculosis,Vaccination for Tuberculosis is not required,TUV
Uganda,Measles,Vaccination for Measles is required,UGA
Uganda,Polio,Vaccination for Poliovirus is required,UGA
Uganda,Diphtheria,Vaccination for Diphtheria is required ,UGA
Uganda,Chickenpox (Varicella),"There is a childhood vaccination mandate for at least one vaccination in this country, but vaccination against this disease is not mandated. ",UGA
Uganda,Tuberculosis,Vaccination for Tuberculosis is required ,UGA
Ukraine,Measles,Vaccination for Measles is required,UKR
Ukraine,Polio,Vaccination for Poliovirus is required,UKR
Ukraine,Diphtheria,Vaccination for Diphtheria is required ,UKR
Ukraine,Chickenpox (Varicella),"There is a childhood vaccination mandate for at least one vaccination in this country, but vaccination against this disease is not mandated. ",UKR
Ukraine,Tuberculosis,Vaccination for Tuberculosis is required ,UKR
United Arab Emirates (UAE),Measles,Vaccination for Measles is required,ARE
United Arab Emirates (UAE),Polio,Vaccination for Poliovirus is required,ARE
United Arab Emirates (UAE),Diphtheria,Vaccination for Diphtheria is required ,ARE
United Arab Emirates (UAE),Chickenpox (Varicella),"There is a childhood vaccination mandate for at least one vaccination in this country, but vaccination against this disease is not mandated. ",ARE
United Arab Emirates (UAE),Tuberculosis,Vaccination for Tuberculosis is required ,ARE
United Kingdom of Great Britain and Northern Ireland (UK),Measles,Vaccination for Measles is not required,GBR
United Kingdom of Great Britain and Northern Ireland (UK),Polio,Vaccination for Poliovirus is not required,GBR
United Kingdom of Great Britain and Northern Ireland (UK),Diphtheria,Vaccination for Diphtheria is not required ,GBR
United Kingdom of Great Britain and Northern Ireland (UK),Chickenpox (Varicella),Vaccination for Varicella is not required,GBR
United Kingdom of Great Britain and Northern Ireland (UK),Tuberculosis,Vaccination for Tuberculosis is not required,GBR
United Republic of Tanzania,Measles,Vaccination for Measles is required,TZA
United Republic of Tanzania,Polio,Vaccination for Poliovirus is required,TZA
United Republic of Tanzania,Diphtheria,Vaccination for Diphtheria is required ,TZA
United Republic of Tanzania,Chickenpox (Varicella),"There is a childhood vaccination mandate for at least one vaccination in this country, but vaccination against this disease is not mandated. ",TZA
United Republic of Tanzania,Tuberculosis,Vaccination for Tuberculosis is required ,TZA
United States of America (USA),Measles,Vaccination for Measles is required,USA
United States of America (USA),Polio,Vaccination for Poliovirus is required,USA
United States of America (USA),Diphtheria,Vaccination for Diphtheria is required ,USA
United States of America (USA),Chickenpox (Varicella),Vaccination for Varicella is required,USA
United States of America (USA),Tuberculosis,"There is a childhood vaccination mandate for at least one vaccination in this country, but vaccination against this disease is not mandated. ",USA
Uruguay,Measles,Vaccination for Measles is required,URY
Uruguay,Polio,Vaccination for Poliovirus is required,URY
Uruguay,Diphtheria,Vaccination for Diphtheria is required ,URY
Uruguay,Chickenpox (Varicella),"There is a childhood vaccination mandate for at least one vaccination in this country, but vaccination against this disease is not mandated. ",URY
Uruguay,Tuberculosis,Vaccination for Tuberculosis is required ,URY
Uzbekistan,Measles,Vaccination for Measles is not required,UZB
Uzbekistan,Polio,Vaccination for Poliovirus is not required,UZB
Uzbekistan,Diphtheria,Vaccination for Diphtheria is not required ,UZB
Uzbekistan,Chickenpox (Varicella),Vaccination for Varicella is not required,UZB
Uzbekistan,Tuberculosis,Vaccination for Tuberculosis is not required,UZB
Vanuatu,Measles,Vaccination for Measles is not required,VUT
Vanuatu,Polio,Vaccination for Poliovirus is not required,VUT
Vanuatu,Diphtheria,Vaccination for Diphtheria is not required ,VUT
Vanuatu,Chickenpox (Varicella),Vaccination for Varicella is not required,VUT
Vanuatu,Tuberculosis,Vaccination for Tuberculosis is not required,VUT
Venezuela (Bolivarian Republic of),Measles,Vaccination for Measles is required,VEN
Venezuela (Bolivarian Republic of),Polio,Vaccination for Poliovirus is required,VEN
Venezuela (Bolivarian Republic of),Diphtheria,Vaccination for Diphtheria is required ,VEN
Venezuela (Bolivarian Republic of),Chickenpox (Varicella),Vaccination for Varicella is required,VEN
Venezuela (Bolivarian Republic of),Tuberculosis,Vaccination for Tuberculosis is required ,VEN
Viet Nam (Vietnam),Measles,Vaccination for Measles is required,VNM
Viet Nam (Vietnam),Polio,Vaccination for Poliovirus is required,VNM
Viet Nam (Vietnam),Diphtheria,Vaccination for Diphtheria is required ,VNM
Viet Nam (Vietnam),Chickenpox (Varicella),"There is a childhood vaccination mandate for at least one vaccination in this country, but vaccination against this disease is not mandated. ",VNM
Viet Nam (Vietnam),Tuberculosis,Vaccination for Tuberculosis is required ,VNM
Yemen,Measles,Vaccination for Measles is not required,YEM
Yemen,Polio,Vaccination for Poliovirus is not required,YEM
Yemen,Diphtheria,Vaccination for Diphtheria is not required ,YEM
Yemen,Chickenpox (Varicella),Vaccination for Varicella is not required,YEM
Yemen,Tuberculosis,Vaccination for Tuberculosis is not required,YEM
Zambia,Measles,"There is a childhood vaccination mandate for at least one vaccination in this country, but vaccination against this disease is not mandated. ",ZMB
Zambia,Polio,"There is a childhood vaccination mandate for at least one vaccination in this country, but vaccination against this disease is not mandated. ",ZMB
Zambia,Diphtheria,"There is a childhood vaccination mandate for at least one vaccination in this country, but vaccination against this disease is not mandated. ",ZMB
Zambia,Chickenpox (Varicella),"There is a childhood vaccination mandate for at least one vaccination in this country, but vaccination against this disease is not mandated. ",ZMB
Zambia,Tuberculosis,"There is a childhood vaccination mandate for at least one vaccination in this country, but vaccination against this disease is not mandated. ",ZMB
Zimbabwe,Measles,Vaccination for Measles is not required,ZWE
Zimbabwe,Polio,Vaccination for Poliovirus is not required,ZWE
Zimbabwe,Diphtheria,Vaccination for Diphtheria is not required ,ZWE
Zimbabwe,Chickenpox (Varicella),Vaccination for Varicella is not required,ZWE
Zimbabwe,Tuberculosis,Vaccination for Tuberculosis is not required,ZWE